Oradad;bordeaux-it.fr;Comptes privilégiés dont le mot de passe n'expire jamais;2022-04-19 05:46:04;2022-05-01 15:19:40;CN=svcEHCINT-P,OU=Cpte Services,OU=Administration,DC=bordeaux-it,DC=fr
Oradad;bordeaux-it.fr;Comptes privilégiés dont le mot de passe n'expire jamais;2022-04-19 05:46:04;2022-05-01 15:19:40;CN=svcSCCDEP-P,OU=Cpte Services,OU=Administration,DC=bordeaux-it,DC=fr
Oradad;bordeaux-it.fr;Comptes privilégiés dont le mot de passe n'expire jamais;2022-04-19 05:46:04;2022-05-01 15:19:40;CN=svcWIFAUT-P,OU=Cpte Services,OU=Administration,DC=bordeaux-it,DC=fr
Oradad;bordeaux-it.fr;Comptes privilégiés dont le mot de passe n'expire jamais;2022-04-19 05:46:04;2022-05-01 15:19:40;CN=svcNBUGRT-P,OU=Cpte Services,OU=Administration,DC=bordeaux-it,DC=fr
Oradad;bordeaux-it.fr;Comptes privilégiés dont le mot de passe n'expire jamais;2022-04-19 05:46:04;2022-05-01 15:19:40;CN=svcVARAPP-P,OU=Cpte Services,OU=Administration,DC=bordeaux-it,DC=fr
Oradad;bordeaux-it.fr;Comptes privilégiés dont le mot de passe n'expire jamais;2022-04-19 05:46:04;2022-05-01 15:19:40;CN=CDAPSCO01 authent Cloudera,OU=Cpte Services,OU=Administration,DC=bordeaux-it,DC=fr
Oradad;bordeaux-it.fr;Comptes privilégiés dont le mot de passe n'expire jamais;2022-04-19 05:46:04;2022-05-01 15:19:40;CN=CDAPSCO01 authent Cloudera P,OU=Cpte Services,OU=Administration,DC=bordeaux-it,DC=fr
Oradad;bordeaux-it.fr;Comptes privilégiés dont le mot de passe n'expire jamais;2022-04-19 05:46:04;2022-05-01 15:19:40;CN=svcDIPO365-P,OU=Cpte_Services,OU=Administration M365,DC=bordeaux-it,DC=fr
Oradad;bordeaux-it.fr;Comptes privilégiés dont le mot de passe n'expire jamais;2022-04-19 05:46:04;2022-05-01 15:19:40;CN=svcAADAP751-P,OU=Cpte Services,OU=Administration,DC=bordeaux-it,DC=fr
Oradad;bordeaux-it.fr;Comptes privilégiés dont le mot de passe n'expire jamais;2022-04-19 05:46:04;2022-05-01 15:19:40;CN=svcCENSUP-P,OU=Cpte Services,OU=Administration,DC=bordeaux-it,DC=fr
Oradad;bordeaux-it.fr;Comptes privilégiés dont le mot de passe n'expire jamais;2022-04-19 05:46:04;2022-05-01 15:19:40;CN=svcEMSAPP-P,OU=Cpte Services,OU=Administration,DC=bordeaux-it,DC=fr
Oradad;bordeaux-it.fr;Comptes privilégiés dont le mot de passe n'expire jamais;2022-04-19 05:46:04;2022-05-01 15:19:40;CN=svcNBUEXCH-P,OU=Cpte Services,OU=Administration,DC=bordeaux-it,DC=fr
Oradad;bordeaux-it.fr;Comptes privilégiés dont le mot de passe n'expire jamais;2022-04-19 05:46:04;2022-05-01 15:19:40;CN=svcMULAPP-P,OU=Cpte Services,OU=Administration,DC=bordeaux-it,DC=fr
Oradad;bordeaux-it.fr;Comptes privilégiés dont le mot de passe est inchangé depuis plus de 3 ans;2022-04-19 05:46:04;2022-05-01 15:19:40;CN=svcEHCINT-P,OU=Cpte Services,OU=Administration,DC=bordeaux-it,DC=fr
Oradad;bordeaux-it.fr;Comptes privilégiés dont le mot de passe est inchangé depuis plus de 3 ans;2022-04-19 05:46:04;2022-05-01 15:19:40;CN=svcSCCDEP-P,OU=Cpte Services,OU=Administration,DC=bordeaux-it,DC=fr
Oradad;bordeaux-it.fr;Comptes privilégiés dont le mot de passe est inchangé depuis plus de 3 ans;2022-04-19 05:46:04;2022-05-01 15:19:40;CN=svcWIFAUT-P,OU=Cpte Services,OU=Administration,DC=bordeaux-it,DC=fr
Oradad;bordeaux-it.fr;Comptes privilégiés dont le mot de passe est inchangé depuis plus de 3 ans;2022-04-19 05:46:04;2022-05-01 15:19:40;CN=svcNBUGRT-P,OU=Cpte Services,OU=Administration,DC=bordeaux-it,DC=fr
Oradad;bordeaux-it.fr;Comptes privilégiés dont le mot de passe est inchangé depuis plus de 3 ans;2022-04-19 05:46:04;2022-05-01 15:19:40;CN=svcVARAPP-P,OU=Cpte Services,OU=Administration,DC=bordeaux-it,DC=fr
